	Acholeplasmataceae	Acidaminococcaceae	Actinomycetaceae	Aerococcaceae	Akkermansiaceae	Anaerofustaceae	Anaerovoracaceae	Atopobiaceae	Bacillaceae	Bacteroidaceae	Barnesiellaceae	Bifidobacteriaceae	Burkholderiaceae	Butyricicoccaceae	Campylobacteraceae	Carnobacteriaceae	Caulobacteraceae	Chloroplast	Christensenellaceae	Clostridia_UCG-014	Clostridia_vadinBB60_group	Clostridiaceae	Comamonadaceae	Coriobacteriaceae	Coriobacteriales_Incertae_Sedis	Corynebacteriaceae	Defluviitaleaceae	Desulfovibrionaceae	Dysgonomonadaceae	Eggerthellaceae	Elusimicrobiaceae	Enterobacteriaceae	Enterococcaceae	Erysipelatoclostridiaceae	Erysipelotrichaceae	Eubacteriaceae	Family_XI	Fusobacteriaceae	Gastranaerophilales	Gemellaceae	Hafniaceae	Hyphomonadaceae	Izemoplasmatales	Lachnospiraceae	Lactobacillaceae	Leptotrichiaceae	Marinifilaceae	Micrococcaceae	Monoglobaceae	Moraxellaceae	Morganellaceae	Muribaculaceae	Neisseriaceae	Nocardiaceae	Oscillospiraceae	Oscillospirales	Oxalobacteraceae	P5D1-392	Pasteurellaceae	Peptococcaceae	Peptostreptococcaceae	Porphyromonadaceae	Prevotellaceae	Propionibacteriaceae	Pseudomonadaceae	Puniceicoccaceae	RF39	Rhizobiaceae	Rikenellaceae	Ruminococcaceae	Saccharimonadaceae	Saccharimonadales	Selenomonadaceae	Staphylococcaceae	Streptococcaceae	Succinivibrionaceae	Sutterellaceae	Synergistaceae	Syntrophomonadaceae	Tannerellaceae	UCG-010	Veillonellaceae	Victivallaceae	Weeksellaceae	Xanthomonadaceae	Yersiniaceae	[Clostridium]_methylpentosum_group	[Eubacterium]_coprostanoligenes_group	vadinBE97
MR01	0	0.307922992475969	0.00535518247784293	0	0.645299488580073	0	0.40163868583822	0	0	28.4627948697352	0.0107103649556859	4.42338072669826	0	0.672075400969288	0	0	0	0	0.698851313358503	1.46999759016789	0.797922189198597	1.25579029105417	0	0.722949634508796	0	0	0	0.10978124079578	0	0.629233941146545	0	0.0267759123892147	0.728304816986639	0.184753795485581	2.31611642166707	0	0	0	0.289179853803518	0	0	0	0	21.8009478672986	0.152622700618524	0	0.514097517872921	0	0.0428414598227435	0	0	0	0	0	5.6631054703189	0	0.0696173722119581	0	0	0.0535518247784293	2.61868423166519	0	0	0	0	0	0	0	4.90802474094305	14.6383913031837	0	0	0	0	0.246338393980775	0	0.498031970439393	0.040163868583822	0	1.78059817388278	0.0374862773449005	0	0.166010656813131	0	0	0	0	0.974643210967414	0
MR02	0	12.9450588261263	0.0297993510363552	0	0	0	0.00662207800807894	0	0	31.1546696686754	0	2.36518552855219	0	0.0695318190848288	0.00551839834006578	0	0	0	0	0	0	4.23592256583449	0	0	0	0.00441471867205262	0	0.260468401651105	0	0.294682471359513	0	10.9297397523343	0.0684281394168157	0.231772730282763	0.644548926119683	0	0.0441471867205262	0.00220735933602631	0	0.00441471867205262	0	0	0	26.0424254464384	0.364214290444341	0	0	0	0	0	0.0176588746882105	0	0	0	1.70518508708033	0	0	0.014347835684171	0	0	1.84755976425402	0	0	0	0	0	0	0	0.258261042315078	0.588261263051012	0	0	0.00441471867205262	0	2.68966735094806	0	1.60143919828709	0	0	0.523144162638236	0	1.04076992693641	0	0	0	0	0	0	0
MR03	0	0	0	0	0.192513068405373	0	0.0393457366083975	0	0	26.8604912596257	0.680119161373728	5.92012815468495	0	0.733516946770839	0	0	0	0	0.222022370861672	0.823450059018605	0	0.265583722106683	0	0.78691473216795	0	0	0	0.369568883143162	0	0.0224832780619414	0	0.647799449159687	0.512899780788039	0.852959361474903	4.31257377325614	0	0.00421561463661402	0	0	0.00843122927322804	0	0	0	32.6611769996065	0	0	0.834691698049576	0.00421561463661402	0.386431341689618	0	0	0	0	0	2.68956213815974	0	0	0.0182676634253274	0.0941487268843798	0	1.46422348378394	0	0	0	0	0	0	0	1.45298184475296	10.4462930695295	0	0.00843122927322804	0	0.00281040975774268	1.86751728402001	0	2.15277387443089	0	0	0.0843122927322804	0.0295093024562981	2.32842448428981	0	0	0	0	0	0.219211961103929	0
MR04	0	1.2321538835769	0.0224538293134742	0.00561345732836854	0.00467788110697378	0	0.179630634507793	0.0467788110697379	0	11.8612353348427	0.497726549782011	14.7212918436465	0	0.0065490335497633	0	0	0	0	2.7664988866643	1.05813670639747	0.0542634208408959	0.923413730516625	0	5.79495911531913	0.0112269146567371	0.0130980670995266	0.0757816739329753	0.115075875231555	0	0.432236214284378	0	0.678292760511199	0	1.11146455101697	0.471530415582958	0	0.034616320191606	0	0	0	0	0	0	24.5242594914208	0.00280672866418427	0	0.700746589824673	0.00280672866418427	0.144078738094793	0	0	0	0	0	4.82102426884718	0	0.0130980670995266	0	0.00748460977115806	0.0243249817562637	1.3734258930075	0.00842018599255281	2.71972007559456	0	0	0	0	0	2.59154613326348	15.6821286230189	0.00467788110697378	0	0	0	0.509889040660143	0	0.638998559212619	0	0	1.32945381060195	0.194599854050109	0.129109518552476	0.00561345732836854	0	0	0	0	2.00400426622757	0.00561345732836854
MR05	0	1.29360335444732	0.0702560442501561	0	0.0970202515835489	0.00446070122223213	0.216344009278259	0.0234186814167187	0	20.3073423142118	0	7.50624498171112	0	0.206307431528236	0	0	0	0	0.721518422696048	0.564278704612365	0	1.30921580872513	0	3.41020608439647	0	0	0	0.18734945133375	0	0.331207065750736	0	0.285484878222857	0.0200731555000446	1.94152020697654	2.26826657150504	0	0	0	0	0.0546435899723437	0	0	0	29.0313587295923	0.0133821036666964	0	0	0	0.0289945579445089	0	0	0.362431974306361	0	0	1.24342046569721	0	0	0	0.0167276295833705	0	0.635649924168079	0	1.05384066375234	0	0	0	0	0	1.22557766080828	15.901284681952	0.00223035061111607	0	0	0.00780622713890624	5.93607815148541	0.0133821036666964	0.969087340529931	0.00557587652779017	0	0.207422606833794	0	1.01034882683558	0	0	0	0	0	1.50771701311446	0
MR06	0	0	0.0231644783254188	0	0	0.0168468933275773	0.248491676581765	0.124245838290883	0	23.27819485538	0	9.07205205690038	0	0.886567761363756	0	0	0	0	0.00842344666378866	0	0	0.290608909900709	0	1.92791635517463	0	0.0789698124730187	0	0.701251934760406	0	0.279026670737999	0	0.953955334674065	0.0947637749676224	0.788645193897213	0.765480715571794	0	0.00421172333189433	0.0147410316616301	0	0.0105293083297358	0.00526465416486791	0	0	32.362882082276	0.012635169995683	0	0	0	0.0157939624946037	0	0	0	0	0	0.911838101355122	0	0	0	0.259020984911501	0	1.67521295526097	0.0210586166594716	0.0157939624946037	0	0	0	0	0	0	17.497604582355	0	0	0.00421172333189433	0	0.788645193897213	0	2.57546881745338	0	0	0.52330662398787	0	3.24092110389269	0	0	0	0	0	0.496983353163531	0
MR07	0	4.29507326829667	0.0785746356994163	0	0.0775541858851382	0	0.0897995836564758	0.0214294460998408	0	36.942324176497	0.637781133923834	3.53687905628801	0	0.211233111555574	0.00510224907139067	0	0	0	0.117351728641985	0	0	0.147965223070329	0	1.15310829013429	0	0	0.0163271970284501	0.36634148332585	0	0.184701416384342	0	7.59010571860076	0	0.558186048410139	0.4153230744112	0.0265316951712315	0.19694681415568	0.0142862973998939	0	0	0	0	0	17.1425364300584	0	0	0.593901791909874	0	0.0632678884852443	0	0	0	0	0	2.60826972529491	0	0	0	0.00204089962855627	0.0122453977713376	4.59814686313727	0.0122453977713376	0.0755132862565819	0	0	0	0	0	3.40728192987469	12.9433854443039	0.0091840483285032	0	0	0	0.0387770929425691	0	0.509204457324789	0.0969427323564227	0	0.219396710069799	0	0.037756643128291	0.00408179925711254	0	0	0	0	0.712273970366137	0
MR08	0	0	0.00562999662200203	0	0.052921968246819	0	0.0653079608152235	0	0	22.5413804751717	1.07420335547799	2.35784258529445	0	0.11034793379124	0.00900799459520324	0	0	0	7.11969372818376	0.0112599932440041	0.109221934466839	1.90631685620989	0	5.29107082535751	0	0.00225199864880081	0.00900799459520324	1.6687309987614	0	0.447021731786961	0	0.512329692602184	0	0.0653079608152235	0.480801711518973	0	0.00562999662200203	0.0101339939196036	0.0258979844612093	0	0	0	0.0765679540592276	20.1722778966333	0	0	0.958225425064745	0	0.00788199527080284	0	0	0	0	0	5.43519873888076	0	0.0304019817588109	0	0.0123859925684045	0.0123859925684045	0.973989415606351	0.0112599932440041	0.256727845963292	0	0	0	0	0	3.0615921630447	11.5426190744286	0	0	0	0	0.298389820966107	0	0.120481927710843	0	0	10.4661637203018	0.0608039635176219	0.574259655444207	0	0	0	0	0	0.66771759936944	0
MR09	0	1.63787052202505	0.0184722239326133	0	0	0	0.205657426449762	0	0	44.66830043225	0	1.89648165708163	0	0.245064837506003	0	0	0	0	0.853416745686736	0	0.0467963006292871	1.03444454022635	0	1.18345381328276	0	0	0.0172407423371058	0	0.0147777791460907	0.169944460180043	0	2.32011132593623	0	1.83613905890176	0.375601886629804	0.0270925951011662	0	0	0	0.00492592638203022	0	0	0	16.1853626097558	0	0	0	0.011083334359568	2.13785204980112	0.00246296319101511	0	0	0.00246296319101511	0	5.81382461239117	0.0369444478652267	0	0.0172407423371058	0.0295555582921813	0	1.32137975197961	0	1.01720379788924	0	0	0	0	0	3.47647254411783	9.2582786350258	0	0	0	0	0.0701944509439306	0	2.64891691193675	0	0	0.532000049259264	0	0.00985185276406044	0	0	0	0	0	0.577564868293043	0
MR10	0	4.01058970099668	0.0737126245847176	0	0	0	0.198297342192691	0	0	28.8963870431894	0.0269933554817276	0.4703073089701	0	0.561669435215947	0	0	0	0	0.00311461794019934	0	0	0.095514950166113	0	6.60506644518272	0	0	0	0.556478405315615	0	0.363372093023256	0	6.83658637873754	0.203488372093023	0.339493355481728	0.756852159468439	0.216985049833887	0	0	0	0.00207641196013289	0	0	0	20.562707641196	0.462001661129568	0	0.39140365448505	0.00207641196013289	0	0	0	0	0	0	0.731935215946844	0	0	0	0	0	0.501453488372093	0	0	0	0	0	0	0	2.39098837209302	0.761004983388704	0	0	0	0	1.31955980066445	0	2.01204318936877	0	0	1.11814784053156	0	19.516196013289	0	0	0	0	0	0.00934385382059801	0
MR11	0	0	0.0215585828824852	0	0	0.0112925910336827	0.0800747364206593	0	0	32.0432403576671	0	6.78684721124332	0	0.184787853278444	0	0	0	0	0	0	0	11.3449475921116	0	0	0	0	0	0	0	0.16733566713548	0	0.526645381843567	0.66420967261752	2.4843700274102	1.08408873923354	0	0	0	0	0	0	0	0	21.4086994014927	0.0184787853278445	0	0	0	0	0	0	0	0	0	1.97928322844912	0	0	0	0.0277181779917667	0	4.817829974643	0	0	0	0	0	0	0	0	9.32049399952776	0	0	0	0	0.906487080249258	0	4.61456333603671	0	0	0.0657023478323358	0	1.43210586290794	0	0	0	0	0	0.00923939266392223	0
MR12	0	0	0.038986917723164	0	0.150171831229965	0	0	0	0	6.35775550870708	0	30.2466283535969	0	0.580471886100442	0.0115516793253819	0	0.00577583966269096	0	0.142952031651601	0	0	0.259912784821093	0	0	0	0.0115516793253819	0	0.0505385970485459	0	0.153059751061311	0	1.89303144944696	0.605019204666878	0.382649377653276	2.49660669419817	0	0	0	0	0.0231033586507639	0	0	0	24.3321685390014	0	0	0	0.0072197995783637	0.083749675109019	0.0288791983134548	0	0	0.00288791983134548	0	0.044762757385855	0	0	0.0490946371328732	1.46273139457649	0	1.65044618361394	0	0	0	0	0	0	0.00866375949403645	1.25913304646663	24.9819505010541	0	0	0	0.0245473185664366	1.89303144944696	0	0	0	0	0	0	0.646894042221388	0	0	0	0.033211078060473	0	0.0808617552776735	0
MR13	0	0	0	0	3.55145575093687	0	0.145575093686941	0	0	28.1507639089075	0	14.3831075237821	0	0.0389161141539349	0	0	0	0	0	0	0	0.707696742577112	0	0	0	0.0302680887863938	0	0	0	0.53041222254252	0	2.53531277025079	0.118189680023061	0.88642260017296	1.41106947247045	0	0	0	0	0	0	0	0	27.845200345921	0	0	0	0.00432401268377054	0	0	0	0	0	0	1.56817526664745	0	0	0	0.154223119054483	0	4.29806860766792	0	0	0	0	0	0	0	0.161429806860767	1.13289132314788	0	0	0.0504468146439896	0	0.239262035168636	0	1.1588353992505	0	0	1.97751513404439	0	8.52983568751802	0	0	0	0	0	0	0
MS01	0	0	0.0599736116108912	0	0	0	0.215905001799208	0.00856765880155589	0	25.8777566442194	0	15.4492023509656	0	0.373549923747837	0	0	0	0	0.0445518257680906	0	0	0.0394112304871571	0	4.98980448602615	0	0	0	0.221045597080142	0	0.267310954608544	0	0.935588341129903	0	8.99090114635275	0.30500865333539	0.047978889288713	0.0394112304871571	0	0	0	0	0	0	22.5020990764064	0.0702548021727583	0	0.464367107044329	0	0.282732740451344	0	0	0.018848849363423	0	0	0.711115680529139	0	0.0205623811237341	0.0359841669665347	0	0	4.27012114669545	0	0.0308435716856012	0	0	0	0	0	3.10320601792354	8.26950427526174	0	0	0	0	0.155931390188317	0.0137082540824894	1.17376925581316	0	0	0.178207303072362	0.0222759128840453	0.810500522627187	0	0	0	0	0	0	0
MS02	0	0	0.00941564173483199	0	0	0	0.250691461189902	0.02942388042135	0	10.6549755781792	0	9.73930441946684	0	0.351909609839346	0	0	0	0	2.23974577767316	1.24521861943153	0.048255163891014	0.230683222503384	0	2.81292296828106	0.00588477608426999	0	0.00470782086741599	0.196551521214618	0	0.416642146766316	0	0.557876772788795	0.22362149120226	0.0812099099629259	3.04007532513388	0.0470782086741599	0.002353910433708	0	0	0	0	0	0	29.7604896133702	0.0564938504089919	0	0.541399399752839	0	0.20008238686518	0	0	0	0	0	5.63408462308009	0.01176955216854	0.034131701288766	0	0.030600835638204	0	1.59830518448773	0	0.00470782086741599	0	0	0	0.02353910433708	0	3.92043782734067	18.8489377979168	0	0	0	0	0.566115459306773	0	0.987465426940505	0	0	0.048255163891014	0.128288118637086	1.36173718590008	0	0	0	0	0	2.93768022126758	0
MS03	0.0945660871462865	0	0.109114715938023	0	0	0	0.352804248199607	0.0654688295628137	0	12.526369389685	2.38597512184477	10.0640139666836	0.00727431439586819	0.1600349167091	0	0	0	0	3.28071579253655	1.48032297955918	0.109114715938023	0.356441405397541	0	4.04088164690478	0	0	0.0254601003855387	0.40008729177275	0	0.290972575834728	0	0.0218229431876046	0.0545573579690114	1.29846511966247	0.829271841128974	0	0	0	0.0109114715938023	0	0	0	0	17.494726122063	0.076380301156616	0	0.741980068378555	0	0.0109114715938023	0	0	0	0	0	12.5882010620499	0	0.076380301156616	0	0	0	1.36757110642322	0	1.32392522004801	0	0	0	0.0109114715938023	0	7.67440168764094	14.294027787881	0	0	0	0.00727431439586819	1.21117334691205	0	0.345529933803739	0	0	2.538735724158	0.0982032443442206	0.632865352440533	0	0	0	0	0	1.53124318033025	0
MS04	0	2.52949620137941	0	0	0.0367608444491125	0	0.0665196232888702	0.0560165248748381	0	10.7324160627385	0.371109477295802	9.4562896054336	0	0.61443125722088	0.0192556804257256	0	0	0	2.10237019920877	0.36060637888177	0.0175051640233869	1.03805622658684	0	2.80607779294892	0	0	0.022756713230403	0.0857753037145958	0	0.0805237545075797	0	0.0717711724958863	0	1.70325245947555	0.10678150054266	0	0.0140041312187095	0	0	0	0	0	0.028008262437419	24.1133634422155	0.0665196232888702	0	0.36060637888177	0	0.175051640233869	0	0	0	0	0	2.77281798130449	0	0	0	0.0367608444491125	0.0140041312187095	1.46868326156216	0.00700206560935476	10.5941252669538	0	0	0	0	0	2.58551272625425	22.1405314567797	0	0	0	0	0.259076427546126	0	0.757973602212653	0.0105030984140321	0	0.477890977838462	0.022756713230403	0.0700206560935476	0	0	0	0	0	1.45642964674579	0
MS05	0	1.11019980214261	0.009300988441408	0	0	0	0.187710857635689	1.02310872855488	0	18.192733391394	0.74999788613899	19.13297876838	0	1.02310872855488	0	0	0	0	0.9300988441408	0	0.0177564324790516	0.141205915428649	0	2.3134094886993	0.00253663321129309	0	0.0109920772489367	0.45913061124405	0	0.110766316893132	0	0.175873235982988	0	0.970684975521489	5.70996135862075	0.0896277067990226	0	0	0	0	0	0	0	16.0890189148283	2.04114419068717	0	0.603718704287756	0	0.0448138533995113	0	0	0.0448138533995113	0	0	5.02845256918667	0.00676435523011491	0.0794811739538502	0	0	0.00845544403764364	1.37231856730956	0	0.188556402039453	0	0	0	0	0	2.73449060177395	17.0656227011761	0	0	0	0	0.863300836243415	0	0.51155436427744	0	0	0.450675167206406	0.0177564324790516	0.0422772201882182	0	0	0	0	0	0	0
MS06	0	10.9569186172017	0.0647608474419465	0	0.0277546489036914	0.00616769975637586	0.0493415980510069	0	0	0.860394116014432	0	22.0402750794091	0	0.222037191229531	0.00925154963456379	0	0	0	0.0246707990255034	0	0	0.0277546489036914	0	10.4727541863262	0	0.0277546489036914	0	0.0123353995127517	0	0.0370061985382552	0	0.19428254232584	0	0.0339223486600672	5.10685539827921	0.00616769975637586	0.043173898294631	0.243624140376846	0	0	0	0	0	10.6947913775557	2.26971351034632	0	0.00616769975637586	0	0	0	0	0.422487433311746	0	0	0.801800968328862	0	0	0.0123353995127517	0	0	1.9150707743547	0	20.1313720048108	0	0	0	0	0	0	5.2641317420668	0	0	3.88873469639498	0.0154192493909396	0.622937675393962	0	1.17803065346779	0	0	0.135689394640269	0	0.317636537453357	0	0	0	0	0	1.72387208190705	0.0215869491473155
MS07	0	0	0.0047868266530508	0	2.57052591268828	0	0.00319121776870054	0	0	20.034465151902	1.63549910645902	6.8435665049783	0	0.619096247127904	0	0	0	0	0	0	0	0.928644370691856	0	0.856841970896094	0	0	0	0	0	0.598353331631351	0	0.0957365330610161	0	1.36743681388818	0.446770487618075	0	0	0	0	0	0	0	0	26.8349502170028	0	0	0.303165688026551	0.00638243553740107	0.333482256829206	0	0	0	0	0	0.606331376053102	0	0	0	0.0957365330610161	0	2.97581056931325	0	0	0.00319121776870054	0	0	0	0	1.83335460811846	25.4675134031146	0	0	0	0	2.30086801123309	0	1.22702323206536	0.00957365330610161	0	0.0446770487618075	0	1.00363798825632	0	0	0	0	0	0.41645391881542	0
MS08	0	0	0.00660131366141862	0	0	0	0	0	0	20.4794754156077	0.00330065683070931	27.5769878205763	0	0.505000495098525	0	0	0	0	0	0	0	0	0	0	0	0	0	0.0209041599278256	0.322364150465943	0.133126492171942	0	6.64532241916141	1.07601412681124	0.612821951568362	1.80105841062371	0	0	0	0	0.00220043788713954	0	0	0	15.3117470376605	0.0363072251378024	0	0	0.0121024083792675	0	0	8.53329812632714	0	0	0	1.08701631624693	0	0	0	0	0	1.07821456469837	0	0	0	0	0	0	0	0	0.0616122608399071	0	0	0	0.00660131366141862	0.0462091956299304	0	0	0	0	0	0	14.6417137010265	0	0	0	0	0	0	0
MS09	0	0.0697973695116365	0.173402839880472	0.0152681745806705	0	0	0.340262176369228	0	0	17.114533121033	1.86489846663904	0.634719828996445	0	0.0981525508757389	0.0141775906820512	0	0	0	1.2530808995136	0	0.00218116779723864	0.798307413789343	0	1.32396885292386	0.091609047484023	0	0.0316269330599603	0.324994001788558	0	0.24101904159487	0	8.47165572447489	0.085065544092307	0.199576853447336	1.07640630793727	0	2.10046458874081	1.40140030972583	0	0	0	0	0	11.6834253059088	0.102514886470216	0	2.01212729295265	0	0.0174493423779091	0	0	0	0	0	7.67225772678692	0	0	0	0.0294457652627217	0.0163587584792898	1.76456474796606	0.0632538661199206	9.62767465701136	0	0	0	0	0	4.69387309965756	17.9586450585644	0	0	0	0	2.0939210853491	0	0.67507143324536	0	0	1.30651951054595	0.0676162017143979	2.13318210569939	0	0	0	0	0	0.340262176369228	0
MS10	0	2.06366161076693	0	0	0.00569678843551948	0.00569678843551948	0.128177739799188	0.230719931638539	0	19.8703980630919	0	5.09862564978993	0	0.0427259132663961	0	0	0	0	1.31310973438724	5.08438367870113	0.10539058605711	0.169479455956704	0	3.31268247525458	0	0	0.032756533504237	0.438652709535	0	0.166631061738945	0	2.75866979990031	0	1.26041444135868	0.357473474328847	0.00569678843551948	0	0	0	0	0	0	0.00712098554439934	16.9251584419284	0	0	0.373139642526526	0	0.0883002207505519	0	0	0	0	0	4.09456668802962	0	0	0.00854518265327921	0.00854518265327921	0.00996937976215908	0.690735597806736	0	0.630919319233782	0	0	0	0	0	6.58263903724275	21.6164637185786	0	0	0	0.00712098554439934	0.0356049277219967	0	1.04536067791782	0	0	0.961333048493912	0.0128177739799188	0.00854518265327921	0.00427259132663961	0	0	0	0	0.528377127394431	0
MS11	0	3.588733414844	0.00452837023955079	0	0.0532083503147217	0	0.161889236063941	0.00339627767966309	0	31.0091473078839	1.30983109179006	2.70456912557171	0	0.107548793189331	0	0	0	0	0.741520626726441	0	0.0396232395960694	0.089435312231128	0	2.32645021056922	0.00339627767966309	0	0.011320925598877	0.639632296336548	0	0.0407553321559571	0	0.136983199746411	0.0124530181587647	0.136983199746411	0.356609156364624	0	0	0.00226418511977539	0	0.00226418511977539	0	0	0.0249060363175293	21.5629669881809	0.00566046279943848	0	0.451704931395191	0	0.118869718788208	0	0	0	0	0	5.91971199565276	0	0	0	0.00226418511977539	0.0430195172757325	0.96793913870398	0	0	0	0	0.0339627767966309	0	0	3.44722184485804	14.9843771226735	0	0	2.20078793642168	0	0.147172032785401	0	1.91210433365032	0.0735860163927003	0	0.0577367205542725	0.0475478875152832	2.8709867318752	0.0441516098356202	0	0	0	0	1.20341439116062	0
MS12	0	0	0.0071754885311775	0	0	0	0.123179219785214	0	0	15.0900523810663	2.44086201535555	6.19244660240618	0	0.126766964050802	0.0406611016766725	0	0	0	0.371929488866034	0	0	1.07512736492143	0	2.73386113037863	0.0215264655935325	0.0023918295103925	0	0.715157023607357	0	0.07653854433256	0	0.0155468918175512	0	0.45923126599536	1.1492740797436	0	0.174603554258652	0.0251142098591212	0	0	0	0	0	13.3368413499486	0	0.0155468918175512	1.47456289315698	0	0.160252577196297	0	0	0	0	0	4.8147528044201	0	0	0	0	0	0.85149130569973	0.0454447606974575	13.851084694683	0	0	0	0	0	4.13068956444785	11.7534502140687	0	0	1.81181085412232	0	0.148293429644335	0	2.68841636968117	0	0	3.70853165586357	0.0275060393695137	9.32335143150996	0.00597957377598125	0	0	0	0	0.999784735344065	0
MR14	0	0	0.0249987500624969	0	2.71319767344966	0.0116660833624985	0.253320667299968	0.00499975001249937	0	15.765878372748	0.544972751362432	5.15474226288686	0	0.128326916987484	0	0	0	0	0.00999950002499875	0	0	0.393313667649951	0	2.17155808876223	0	0.0266653333999967	0.114994250287486	0.226655333899972	2.26488675566222	0.254987250637468	0	4.8330916787494	0.0516640834624935	0.506641334599937	0.384980750962452	0	0	0	0	0	0	0	0	22.6222022232222	0.00833291668749896	0	2.34654933919971	0	0	0	0	0.00666633334999917	0	0	2.33654983917471	0	0	0	0	0	0.734963251837408	0	0	0	0.07999600019999	0	0	0	12.8243587820609	15.622552205723	0.0133326666999983	0	0.0116660833624985	0	1.94323617152476	0	3.32150059163708	0	0	0	0	2.17822442211223	0	0	0	0	0	0	0
MR15	0	0	0.0275583318023149	0.00787380908637569	0	0	0.244088081677646	0	0	32.9650140416262	0.00656150757197974	4.95787512138789	0	0.734888848061731	0	0	0	0	0	0	0	1.46190388703709	0	3.15214823757907	0	0.0131230151439595	0	0.284769428623921	0	0.434371801265059	0	0.0590535681478176	0.0118107136295635	0.784756305608777	0.69289519960106	0.0577412666334217	0.0026246030287919	0.0118107136295635	0	0	0	0	0	24.2185244481772	0.00524920605758379	0	0	0	1.12070549329414	0	0	0	0	0	2.67840739088213	0	0	0.0131230151439595	0.309703157397444	0	0.758510275320858	0	0	0.00393690454318784	0	0	0	0	2.6862811999685	19.0047505314821	0.00524920605758379	0	0.00787380908637569	0	0.102359518122884	0	2.37526574105667	0	0	0.0643027742054014	0	0.683709089000289	0	0	0	0	0	0	0
MR16	0	1.70446203334179	0.0106779140694865	0	0.110783358470923	0	0.117457054764352	0	0	22.8360539768556	2.12090068205176	4.56747774322286	0	0.0787496162624631	0	0	0	0.00400421777605745	0.85823734333498	1.84060543772774	0.224236195459217	0.0627327451582333	0	0.991711269203561	0.0547243096061184	0.00400421777605745	0.00533895703474326	0.233579370270018	0	0.0827538340385206	0	1.20260007207592	0.0373726992432028	0.53256096421564	0.540569399767755	0	0	0	0.628662190841019	0.0133473925868582	0	0	0	20.3467652594066	0.0160168711042298	0	1.80056325996717	0.00266947851737163	0.149490796972811	0	0	0.00400421777605745	0	0	3.29280175117791	0	0.0440463955366319	0	0	0.00800843555211489	0.453811347953177	0	1.12385045581346	0	0.0747453984864057	0	0	0	4.93720051787883	24.2028269777499	0	0	0	0	0.389743863536258	0	0.730102374501141	0	0	0.903618478130297	0.0467158740540036	0.852898386300236	0.014682131845544	0	0	0	0	0.815525687057033	0
MR17	0.00590876861262113	0	0.301347199243678	0	0	0	0.0118175372252423	0	0	0.0216654849129441	0	23.1249507602616	0	0	0	0	0	0	0	0	0	0.449066414559206	0	9.85779563538958	0	0	0	0	0	0.439218466871504	0	1.96958953754038	0.124084140865044	4.43354604900339	1.18175372252423	0	0.0216654849129441	0	0	0.00984794768770188	0	0	0	43.4609627353659	0.0925707082643977	0	0	0.00590876861262113	0	0	0	0	0	0	5.75514062869298	0	0	0.324982273694162	0.0137871267627826	0	2.20594028204522	0	0.0256046639880249	0	0.118175372252423	0	0	0	0	2.0877649097928	0	0	0	0.00393917907508075	0.618451114787678	0	3.2143701252659	0	0	0	0	0.1024186559521	0	0	0	0	0	0	0
MR18	0	0	0.00792979488263904	0	3.2446077394798	0	0.0264326496087968	0	0	22.6977162190738	1.40357369422711	2.04456544724043	0	0.362127299640516	0.00528652992175936	0	0	0.0066081624021992	0.0779763163459505	0	0.0066081624021992	0.90796151406217	0	0	0	0.0171812222457179	0.00528652992175936	0.066081624021992	0	0.219390991753013	0	4.53716430534997	0	3.77986889405794	3.0053922605202	0	0.109695495876507	0.101765700993868	0	0.0171812222457179	0	0	0	18.6072636921125	0	0.00264326496087968	0.367413829562275	0.0290759145696765	0.187671812222457	0	0	0	0.0066081624021992	0.00792979488263904	1.49740960033834	0	0	0.0489004017762741	2.63004863607528	0	4.86492916049905	0.0792979488263904	8.42408543032353	0.129519983083104	0	0	0	0	0.74143582152675	14.3000634383591	0	0	2.19258828504969	0	1.02162190738	0	0.958183548318883	0	0	0.199566504546416	0	0.82073377035314	0	0.00264326496087968	0	0	0	0.132163248043984	0
MR19	0	0	0	0	0.0225347034433027	0	0.058590228952587	0.301965026140256	0	24.9323958896701	0.202812330989724	12.9123850730124	0	0.193798449612403	0	0	0	0	0.198305390301064	0	0	0.522805119884622	0	2.00558860645394	0.103659635839192	0.0180277627546422	0	0.491256535063999	0	0.0676041103299081	0	0.0225347034433027	0.0630971696412475	1.08166576527853	0.347034433026861	0	0.0180277627546422	0.126194339282495	0	0	0	0	0	15.4633135027943	3.29457364341085	0	0.261402559942311	0	0.743645213628989	0	0	0	0	0	1.16279069767442	0	0	0	0.0180277627546422	0.24788173787633	0.748152154317649	0	15.5669731386335	0	0	0	0	0	2.01460248783126	11.3169280692266	0	0	1.60447088516315	0	0.126194339282495	0.00901388137732108	0.743645213628989	0	0	0.685054984676402	0	1.81179015684154	0	0	0	0	0	0	0
MR20	0	0.256161354689101	0.00539287062503371	0	0	0	0.159089683438494	0	0	21.0699455320067	0.463786873752899	3.71299142533571	0	0.39367955562746	0	0	0	0	0.466483309065416	0.186054036563663	0	0.0296607884376854	0	1.06778838375667	0.0566251415628539	0.00808930593755056	0	0.0889823653130561	0	0.129428895000809	0	0	0.663323086879146	3.41638354095885	0.0755001887504719	0	0	0	0	0	0	0	0	23.6234697729601	0.00808930593755056	0	0	0	0.711858922504449	0	0	0	0	0	1.30507469125816	0	0	0	0.107857412500674	0	0.29121501375182	0	16.6316130076039	0	0	0	0	0	2.63172086501645	17.7479372269859	0	0	0	0.00539287062503371	0.194143342501213	0	1.19991371407	0	0	0.641751604379011	0	2.45375613439034	0	0	0	0	0	0	0
MS13	0	0	0.013654927566816	0	0	0	0	0	0	25.1114117953747	0.0868949936070112	18.0369179587125	0.00496542820611492	0.531300818054297	0	0	0	0	0	0	0	3.79731122062639	0	0	0	0	0	0.125377062204402	0	0.403441041746838	0	0.0558610673187929	0	0.328959618655114	1.03156770982038	0	0.00496542820611492	0	0	0.00372407115458619	0	0	0	23.4777859155629	0	0	0.00496542820611492	0	0.495301463559964	0	0	0	0	0	0.249512767357275	0	0	0	0.913638789925146	0	5.27576746899711	0	0.00372407115458619	0	0	0	0	0	0	18.4775997120052	0	0	0	0	0.309097905830654	0	0.949638144419479	0	0	0.0285512121851608	0	0.206065270553769	0	0	0	0	0	0	0
MS14	0	0	0.0119905873888997	0	0.981729342466164	0.00449647027083739	0.0944258756875852	0.0149882342361246	0	25.3316146824743	2.36514336246047	4.01235030501057	0	0.62051289737556	0	0	0	0.00749411711806232	3.67661385812138	0.331239976618355	0.145385872090409	0.00749411711806232	0	1.23652932448028	0.382199973021178	0	0.0179858810833496	0.352223504548929	0	0.125901167583447	0	0.701449362250633	0	0.524588198264362	0.193348221646008	0	0.00449647027083739	0	0	0	0	0	0	20.6343020728728	0	0	1.13760697852186	0.00449647027083739	0.0734423477570108	0	0	0.0299764684722493	0	0	2.82078568323866	0	0	0.00149882342361246	0.151381165784859	0	0.380701149597566	0.00899294054167478	0.00449647027083739	0	0	0	0.275783509944693	0	3.96438795545497	23.0773842533611	0	0	0	0	0.434658792847615	0	1.90650339483505	0	0	1.33844931728593	0.0554564666736612	1.70266340922376	0.0134894108125122	0	0	0	0	0.619014073951948	0
MS15	0	1.15030889218125	0.0153747239538199	0	1.88270483325413	0.00559080871047997	0.262768009392559	0	0	18.3098985268219	0.909904117630615	6.32180694937523	0	0.114611578564839	0	0	0	0	6.36373801470382	2.26567522992201	1.14192267911553	0.533922231850837	0.0181701283090599	2.64025941352417	0.104827663321499	0	0.0167724261314399	0.515752103541777	0	0.252984094149219	0	4.19031112850474	0.0335448522628798	0.880552371900596	2.30620859307299	0	0.00838621306571996	0	0	0	0	0	0.122997791630559	12.0509881754396	0.0601011936376597	0	0.902915606742515	0.00279540435523999	0.279540435523999	0	0	0	0.00279540435523999	0	4.54113437508736	0.0293517457300198	0.0363402566181198	0	0.0139770217761999	0.0950437480781595	1.16009280742459	0.0153747239538199	2.59273753948509	0	0.0363402566181198	0	0.964414502557795	0	2.02806585972661	11.7462891007184	0	0	0	0.0111816174209599	0.668101640902356	0	0.252984094149219	0.181701283090599	0	2.47812596092025	0.420708355463618	1.13353646604981	0.0195678304866799	0	0	0	0.0181701283090599	1.26911357727895	0.0153747239538199
MS16	0	0	0	0	0	0	0	0	0	16.7850819709825	0	22.4069347681129	0	0	0	0	0	0	0	0	0	5.50918580855809	0	0	0	0	0	0	0	0	0	32.0020234071417	0.984111655285001	0	0	0	0	0	0	0.0114966314869743	0	0	0	0.00919730518957945	5.729921133108	0	0	0	0	0	0	0	0	0	0.00689797889218459	0	0	0	0	0	0	0	0	0	0	0	0	0	0	0	0	0	0	0.0574831574348716	0.434572670207629	0	0	0	0	0.547239658779977	0	15.4744659814674	0	0	0	0	0	0	0
MS17	0	2.64661360417989	0.00325536728681413	0	0.0406920910851767	0	0.0537135602324332	0	0	27.1888275794717	1.18658137604375	5.7343294757231	0	0.442729951006722	0	0	0	0	0.462262154727607	0	0	0.0113937855038495	0	1.45677686084933	0.0162768364340707	0	0	0.047202825658805	0	0.252290964728095	0	2.07529664534401	0.13347005875938	1.96298647394892	0.483422042091899	0	0.0048830509302212	0.0683627130230968	0	0	0	0	0	24.1076224425021	0.0406920910851767	0	1.01079154255579	0.0146491527906636	0.170906782557742	0	0	0	0	0.00651073457362827	1.25494408906685	0	0	0.0162768364340707	0.672233344727119	0	0.501326562169377	0	0	0	0	0	0	0	1.20611357976464	19.1496980646842	0	0.0227875710076989	0	0	4.77725149339974	0	1.09380340836955	0	0	0.198577404495662	0	0.297866106743493	0.0113937855038495	0	0.0048830509302212	0	0	1.05473900092778	0
MS18	0	0	0	0	4.4078097167406	0	0.0698543536725926	0	0	26.7716810450211	0	16.7021759631169	0	0.148440501554259	0	0	0	0.00698543536725926	0.0227026649435926	0	0	0.0139708707345185	0	4.03583528343404	0	0.00873179420907408	0	0.263700185114037	0	0.368481715622926	0	0.349271768362963	0.0506444064126297	0.537878523278963	0.740456148929482	0	0	0	0	0	0	0	0	10.3366979847019	11.0247633683769	0	0	0	0.0576298417798889	0	0	0	0	0	1.50536132164437	0	0	0	0.115259683559778	0	1.96116097935804	0	0.0157172295763333	0	0	0	0	0	4.63483636617652	12.589500890643	0	0.00523907652544445	0	0	1.01463448709441	0	1.15608955328141	0	0	0.0296881003108519	0	0.918584750794593	0	0	0	0	0	0	0
MS19	0.00585522945180414	1.19446680816805	0.00585522945180414	0	4.86130425236039	0	0.698236112127644	0	0	5.55514894239918	0.291297665227256	3.02422601185684	0	0.0263485325331186	0.0512332577032862	0	0	0	5.02964209909976	6.23581936617141	1.12274024738344	1.8326868184147	0	0.547463953743687	0.0351313767108249	0.00585522945180414	0.04245041352558	1.03344799824343	0	0.777281709727	0	0.235672985435117	0	3.9639903388714	4.67832833199151	0	0.118568396399034	0.245919636975774	0.2122520676279	0	0	0	0.118568396399034	9.38446900387908	0	0	0.505013540218107	0	0.15516358047281	0	0	0.0995389006806704	0.00585522945180414	0	4.20112713166947	0	0.105394130132475	0	0	0.0541608724291883	3.36822074215033	0.081973212325258	3.3272341359877	0	0	0.851935885237503	5.84059137817463	0	8.8399326648613	5.90207128741857	0	0.00439142208885311	0	0	0.0322037619849228	0.235672985435117	0.241528214886921	0.182975920368879	0	0.351313767108248	0.91927102393325	0.0248847251701676	0.0102466515406572	0	0	0	0	2.51189343482398	1.08760887067262
MS20	0	0.424378937746874	0.0130578134691346	0	1.85203321037226	0	0.0413497426522595	0	0	11.5518123156944	1.3112221025256	10.2188271907202	0	0.480962796113124	0	0	0	0.0065289067345673	0.212189468873437	0.0217630224485577	0.910782489472138	0.0141459645915625	0	2.38087465587221	0.188250144180024	0	0	0.171927877343605	0	0.183897539690312	0	0.0979336010185095	0	0.577808246009206	0.0587601606111057	0	0.0108815112242788	0	0	0	0	0	0	16.8162874460005	0.00761705785699518	0	0.759529483454662	0.00326445336728365	0.384117346217043	0	0	0	0	0	3.40047225758713	0	0	0	0.352560963666634	0	0.322092732238653	0.0065289067345673	23.2777288109773	0	0	0	0	0	1.66704751955952	14.4408535457404	0.00544075561213941	0	0.00326445336728365	0	0.537546654479374	0	1.83462279241341	0	0	0.0576720094886778	0.346032056932067	3.45705611595338	0	0	0	0	0	1.42656612150295	0
MS21	0	3.11993321328283	0.0614051428532003	0	0.00275978170126743	0.053125797749398	0.513319396435742	0.00206983627595057	0	20.744589103002	1.30606669012481	7.28030412794348	0	0.247690407688752	0	0	0	0	0.146958375592491	0	0	0.640269354694044	0	0	0	0.00413967255190115	0	0.291156969483714	0	0.387059383602757	0	0.0324274349898923	0.0607151974278835	4.91931088250919	2.66594912342434	0	0	0	0	0	0	0	0	30.6349567749191	0.260109425344455	0	0.487791415699018	0.00275978170126743	1.9318471908872	0	0	0	0	0	1.67932716522123	0	0.009659235954436	0.0248380353114069	0.0158687447822877	0.0151787993569709	1.82421570453777	0	0.00551956340253486	0	0	0	0	0	4.17003015061509	12.4176377648528	0	0	0	0	1.54340791643381	0	0.458123762410393	0	0	0.633369900440875	0.00206983627595057	0.594043011197814	0.00620950882785172	0	0	0	0	0.669247062557352	0
HC01	0	1.33935215040429	0	0	0	0	0.297633811200952	0	0	19.0436033533409	1.26163665525737	3.35995502422409	0	0.0066140846933545	0	0	0	0	7.56816641037088	0	0.502670436694942	5.05316070572284	0	0.122360566827058	0.013228169386709	0.0066140846933545	0.0165352117333862	0.501016915521603	0	0.297633811200952	0	0.0231492964267407	0	0.649833821122079	1.45179159019131	0.0677943681068836	0.00496056352001587	0	0	0	0	0	0	12.3170792201994	0	0	3.20948459745027	0	0.0181887329067249	0	0	0	0	0	13.2595862890024	0.00826760586669312	0	0	0.0330704234667725	0	9.40026787043008	0	2.86885923574251	0	0	0	0	0	5.35575508044381	9.42507068803016	0	0	0	0	0.026456338773418	0	0.224878879574053	0	0	0.653140863468757	0.026456338773418	0.0148816905600476	0.19180845610728	0	0	0	0	0.54070142368173	0.25298873952081
HC02	0	2.41822269603859	0.00949978361603986	0	3.1750387907831	0	0.275493724865156	0	0	17.6083766980863	2.6061073053336	2.77710341042232	0	0.0802203949798921	0	0	0	0	5.83181160873558	2.11106302578663	0.41376835305418	1.63501831347175	0.00527765756446659	0.811703733414961	0.119275060956945	0.00422212605157327	0.00738872059025322	0.303993075713275	0	0.184718014756331	0	0.0401101974899461	0	2.34222442711027	0.351491993793475	0	0	0.00316659453867995	0.0263882878223329	0	0	0	0.184718014756331	15.6503657416692	0	0	1.91790075892716	0	0.069665079850959	0	0	0	0	0	9.46811767065305	0.0348325399254795	0.0781093319541055	0	0.0211106302578663	0.023221693283653	3.42097763328724	0	1.42813413694466	0	0	0.0949978361603986	0.119275060956945	0	8.05264991186312	9.68872375684775	0	0	0	0	0.0147774411805064	0	0.18788460929501	0	0	0.829647769134148	1.33735842683583	0	0.21955055468181	0	0	0	0	0.87820221872724	0.00949978361603986
HC03	0	1.31196512191184	0	0	0.0766994994348458	0	0.00269121050648582	0	0	28.7461650250283	0.997093492652995	7.59594165455622	0.00807363151945745	0.474998654394747	0	0	0	0	0	1.65105764572905	0	0.0470961838635018	0	2.27003606222079	0.114376446525647	0.00269121050648582	0	0	0	0.407718391732601	0	0.00538242101297163	0.00807363151945745	3.76096668281393	0.0161472630389149	0	0	0	0	0.00672802626621454	0	0	0	24.5505678454169	0.00269121050648582	0	0	0	0.261047419129124	0	0	0	0	0	0.815436783465203	0	0	0	0.399644760213144	0	0.0161472630389149	0	0.014801657785672	0	0	0	0	0	0.348511760589913	20.9995155821088	0	0	0	0	1.35367888476237	0	1.84886161795576	0	0	0.653964153076054	0	0.131869314817805	0	0	0	0	0	0.177619893428064	0
HC04	0	1.86290854107704	0.0135695731399992	0	0.042647229868569	0	0.00969255224285659	0	0	21.2693366417245	0.567983561431396	3.49901135967123	0	0.137634241848564	0	0	0	0	0.812235877951382	0.314038692668553	0.0814174388399953	1.14178265420851	0	1.13402861241422	0.0387702089714264	0	0	0.178342961268561	0	0.451672934517117	0.149265304539991	0	0	3.44861008800837	0.257821889659985	0	0	0.00581553134571395	0	0.00969255224285659	0	0	0.0232621253828558	21.7752878688016	0	0	0.329546776257124	0	0.00969255224285659	0	0	0	0.00775404179428527	0	0.911099910828519	0	0	0.0310161671771411	1.48102198270849	0.0116310626914279	2.432830612957	0	13.2749195518164	0	0	0.00775404179428527	0.0833559492885667	0	1.47908347225992	18.0649788702361	0	0.0135695731399992	0.0174465940371419	0	1.40735858566278	0	1.93851044857132	0	0	0.682355677897104	0.0252006358314271	0.0697863761485674	0	0	0	0	0	0.193851044857132	0
HC05	0	5.20042259648251	0.0894910198247467	0	1.55987819277857	0	0.0720899881921571	0	0	7.62538064756696	1.79603505064943	1.49151699707911	0	0.544403703933876	0.257286681996147	0	0	0.0062146541544963	2.70461748803679	0.196383071282083	0.960785532285128	0.447455099123734	0	0.40395252004226	0.0372879249269778	0.0348020632651793	0.00497172332359704	0.315704431048412	0	0.188925486296688	0	0.145422907215213	0	1.31874961158412	0.385308557578771	0	0.45366975327823	0.00870051581629482	1.38711080728357	0	0.023615685787086	0	4.39748927972158	14.7287303461562	0	0	0.37039338760798	0	0.120564290597228	0	0	0	0	0	6.74165682679759	0.0062146541544963	0.10067739730284	0	0.187682555465788	0.0348020632651793	2.3590827170468	0.837735380026101	12.2552979926667	0	0	0.707227642781679	3.06506742899758	0	2.89602883599528	14.6628550121186	0	0	0.0472313715741719	0	0.314461500217513	0	0.99185880305761	0	0.00372879249269778	0.512087502330495	1.40824063140886	0.0310732707724815	0.390280280902368	0	0	0	0	2.0185196693804	0.152880492200609
HC06	0	4.08163265306122	0	0	0.663735737379612	0	0.0427664779239441	0	0	30.8004174008245	4.20651076859914	1.92278084746053	0.00513197735087329	0.549121576543442	0	0	0	0	0.0171065911695776	0.13001009288879	0.0307918641052397	0.00855329558478882	0	0.215543048736678	0.00684263646783106	0	0.0171065911695776	0.480695211865132	0	0.444771370409019	0	0.0256598867543665	0	1.41984706707494	0.0975075696665925	0	0	0.0153959320526199	0	0.00342131823391553	0	0	0	22.6166241852986	0.00342131823391553	0	1.56183177378244	0	0.153959320526199	0	0	0	0	0	2.19477564705681	0.00342131823391553	0	0.0153959320526199	0.0136852729356621	0.00342131823391553	0.11461416083617	0	0.00513197735087329	0	0	0	0.157380638760114	0	5.16619053321245	15.9347896744616	0	0	0	0	0.600441350052175	0	1.76711086781737	0	0	0.0598730690935217	0	0.0376345005730708	0	0	0	0	0	0.318182595754144	0
HC07	0	0.459695473110378	0.00683562041799819	0	0	0.00512671531349864	0.268298101406429	0.186270656390451	0	9.24175880513355	1.05610335458072	11.9794247825418	0	0.018797956149495	0.00341781020899909	0	0	0	0.422099560811388	2.78722422543876	0.0256335765674932	1.72428525044004	0	5.14722217475264	0.018797956149495	0	0.0205068612539946	0.18797956149495	0	0.181143941076952	0	1.1466753251192	7.00992873865715	0.892048464548764	6.15718509151187	0.0393048174034896	0.0102534306269973	0	0	0	0.0273424816719928	0	0.018797956149495	15.5732522173044	1.16889109147769	0	0.33836321069091	0	0.0170890510449955	0	0	0.0393048174034896	0	0	2.32240203701488	0	0	0	0.00341781020899909	0.0239246714629937	8.46933369789975	0.00341781020899909	0.0290513867764923	0	0	0	2.03872378966796	0	2.19081634396842	8.48471384384025	0	0	0	0	1.71744963002204	0	0.15038364919596	0.0102534306269973	0	0.343489926004409	0.15038364919596	0.350325546422407	0.00341781020899909	0	0	0	0	1.5157988276911	0.00512671531349864
HC08	0	0.312910390894794	0.00810648681074596	0	0.0113490815350443	0.00648518944859677	0.0648518944859677	0.0372898393294314	0	17.7207801682907	1.94393553721688	7.24395661408259	0	0.270756659478915	0	0	0	0	3.1047844485157	0.774980139107314	0.217253846527992	0.867394088749818	0	2.15470419429628	0.0113490815350443	0	0.0210768657079395	0.0324259472429838	0	0.290212227824705	0	0.176721412474262	0	0.611229105530245	0.437750287780282	0	0	0	0	0.00324259472429838	0	0	0	19.854407496879	0.0680944892102661	0	0.531785534784935	0	0.171857520387814	0	0	0.00972778417289515	0	0	2.08336711036171	0	0.0405324340537298	0	0.616092997616693	0.457205856126072	2.29899965952755	0	9.4197376740868	0	0	0.0259407577943871	0.110248220626145	0	2.62001653723309	18.1958202954004	0	0	0	0.00648518944859677	2.42059696168874	0.126461194247637	1.08302663791566	0	0	0.248058496408826	0.0243194604322379	2.04931986575658	0	0	0	0	0	0.546377211044278	0
HC09	0	0	0.00849816227240859	0	0.072234379315473	0	0.0467398924982473	0	0	4.46790881471882	1.91633559242814	1.81648218572734	0	0.635237629862542	0	0	0	0	1.78673861777391	1.42344218062844	0.0807325415878816	0.907178822579617	0	0.669230278952177	0.0233699462491236	0	0	0.146593299199048	0	0.110476109541312	0	3.48637107225563	0	10.5058531092651	3.68395334508912	0	0	0	0	0	0	0	0	12.1523720495443	0	0	0.60336952134101	0	0.0594871359068601	0	0	0	0	0	5.38358579957084	0	0.0318681085215322	0	0.0637362170430644	0	0.805200875310714	0	26.3825447746925	0	0	0	0	0	2.2753829484374	14.3151543478723	0	0	0	0	0.0849816227240859	0	1.02615309439334	0	0	0.994284985871805	0.382417302258387	2.58981495251652	0	0	0	0	0	0.74146465826765	0
HC10	0	0.9106239460371	0.00936855911560802	0	1.54768596589844	0	0.402848041971145	0.0730747611017425	0	14.6186996439948	4.39385422522016	10.0056211354694	0	0.0543376428705265	0	0	0	0	1.72194116544875	0	0.0674536256323777	0.680157391793142	0	2.13041034288926	0.470301667603523	0.00562113546936481	0.0955593029792018	0.329773280869402	0	0.0880644556867154	0	0.127412403972269	0	0.352257822746862	0.968709012553869	0	0	0	0	0	0	0	0.0206108300543376	10.2098557241896	1.74629941914933	0	1.2834925988383	0	0.0318531009930673	0	0	0.0168634064080944	0	0	5.99213041034289	0	0	0	0.00749484729248642	0.00936855911560802	4.49690837549185	0	10.7794641184186	0	0	0	0.430953719317969	0	5.7766535506839	14.1221660108675	0.00562113546936481	0	0	0	0.239835113359565	0	1.12610080569608	0	0	0.429080007494847	0.281056773468241	1.66385609893198	0.108675285741053	0	0	0	0	1.34719880082443	0
HC11	0	0	0	0	0.115342399493982	0	0.0669730061577958	0	0	18.384090190315	2.53009134373895	5.44899819544956	0	0.119063122058304	0	0	0	0	3.05843394787268	0	0.139527096162075	0.919018473387532	0	1.4548025226499	0.0279054192324149	0	0.01860361282161	0.195337934626905	0	0	0	0.0558108384648299	0	0.905995944412405	0.978550034416684	0	0	0	0	0	0	0	0.0576711997469909	27.8812345357468	0.0446486707718639	0	0.8966941380016	0	0.310680334120886	0	0	0.00930180641080498	0	0	2.7998437296523	0	0	0	0.016743251539449	0.0297657805145759	1.93849645601176	0	0	0	0	0	0	0	5.23505664800104	22.5419976559448	0	0	0	0	1.421316019571	0	0.427883094897029	0	0	0.0613919223113129	0.104180231801016	1.09017171134634	0.01860361282161	0	0	0	0	0.613919223113129	0
HC12	0	0	0	0	2.93054605841555	0	0.0641929136605311	0	0	18.7638677625979	5.98808244602911	0.507961316792029	0	0.147922801043833	0	0	0	0	5.44523367616071	0.0055819924922201	0.238630179042409	1.65924726831242	0	0.131176823567172	0.0153504793536053	0	0	0.255376156519069	0	0.0669839099066412	0	0.147922801043833	0.0502379324299809	0.418649436916507	0.620996664759486	0	0	0	6.44999232476032	0.00418649436916507	0	0	0.0990803667369067	15.9979904827028	0.0781478948910814	0	1.57970387529829	0	0.255376156519069	0	0	0	0	0	4.65259074226545	0	0	0	0.0195369737227703	0.0055819924922201	3.35896398219344	0.00418649436916507	0	0	0	0	0.125594831074952	0	5.71316931578727	10.7188210831856	0.00279099624611005	0	0	0	0.403298957562902	0	1.81414755997153	0	0	0.714495039004172	0.152109295412998	1.29362676007201	0	0	0	0	0	0.760546477064988	0
HC13	0	1.52662084692617	0.0158363158394831	0	0	0	0.0300890000950179	0	0	22.1740094384442	0.4687549488487	7.43990118138916	0	0.307224527285972	0	0	0	0	1.64856047889019	0	0	0.387989738067336	0	2.09831184873151	0	0	0	0.115605105628227	0	0.541602001710322	0	0.0110854210876382	0	1.53137174167802	1.23523263547968	0	0.00316726316789662	0	0.00791815791974155	0	0	0	0	24.633389288316	0	0	0.476673106768441	0	0.133025053051658	0	0	0	0	0	1.48227916257562	0	0	0	0.188452158489849	0.00633452633579324	1.11012574034777	0.00633452633579324	6.18724859848605	0	0	0	0	0	2.12681721724258	21.996642701042	0	0	0.582776422892978	0	0.118772368796123	0	0.617616317739841	0	0	0.616032686155893	0.00791815791974155	0.0221708421752763	0	0	0	0	0	0.0617616317739841	0.00316726316789662
HC14	0	1.46236389146889	0.0118570045254234	0	0	0	0	0	0	14.9101831907199	0.124498547516946	17.8665296523921	0	0.656087583740094	0	0	0	0	0	0	0	0.173902733039543	0	4.12623757484734	0	0	0	0.0276663438926546	0	0.401161986443492	0	0.752919787364385	0.0434756832598858	0.098808371045195	0.231211588245756	0	0	0	0	0	0	0	0	24.8443768156038	0	0	0	0.0059285022627117	0.136355552042369	0	0	0	0	0	0.0948560362033871	0	0	0.0414995158389819	1.19558128964686	0	1.25289014485307	0.0039523348418078	0	0	0	0	0	0	0.138331719463273	22.0066003991858	0	0	0	0	4.72699247080213	0.213426081457621	4.26259312688971	0	0	0.0019761674209039	0	0.11659387783333	0	0	0	0	0	0	0
HC15	0	0.208478109798471	0.0157937961968539	0	1.82576284035631	0	0.24638322067092	0	0	20.1023437993556	2.94712237033293	2.06582854254849	0	0.20216059131973	0.00947627771811233	0	0	0	2.22060774527765	0	0.145302925011056	2.41329205887927	0	3.88211510518668	0.309558405458336	0.0315875923937078	0.129509128814202	0.287447090782741	0	0.157937961968539	0	0.0379051108724493	0.0126350369574831	0.486448922863099	1.12767704845537	0	0	0.0221113146755954	0.6917682734222	0	0	0.00631751847874155	0	21.1573693853055	0	0	0.562259144607998	0	0.309558405458336	0	0	0	0	0	5.00979215364205	0	0	0	0.0631751847874155	0.00947627771811233	3.23772822035504	0	0.0126350369574831	0	0	0.0600164255480447	0	0	6.74079221681723	18.1912944595363	0	0	0.0410638701118201	0.00631751847874155	0.186366795122876	0	1.4593467685893	0	0	0.439067534272538	0.0252700739149662	1.84471539579253	0	0	0	0	0	0.492766441341841	0
HC16	0	1.38830204623649	0.0120721917064043	0.0120721917064043	0.0181082875596064	0	0.199191163155671	0	0	20.0247479929981	0.860143659081306	6.96565461459528	0	0.11166777328424	0	0	0	0	0.78771050884288	0	0.0543248626788193	0.87221585078771	0	1.31285084807147	0	0	0.0181082875596064	0.347075511559124	0	0.217299450715277	0	0.277660409247299	0	1.55429468219955	0.576447153980805	0	0.00603609585320215	0	0	0	0	0	0	20.9241262751252	0.00905414377980322	0	0.971811432365546	0	0.383292086678336	0	0	0	0	0	2.62268364821633	0	0	0	0.16901068388966	0	1.20118307478723	0.00905414377980322	15.4825858634635	0	0	0	0	0	3.41643025291242	14.4564495684191	0	0	0	0	1.37321180660349	0	1.75650389328183	0	0	0.247479929981288	0.0362165751192129	0.458743284843363	0.042252670972415	0	0	0	0	0.579465201907406	0
HC17	0	2.50227161529321	0	0	1.2860837352345	0	0.0978541972461033	0	0	21.8424547424338	4.78786607954148	6.33955406444398	0	0.0768854406933669	0.034947927587894	0	0	0	0.852729433144614	1.13231285384777	0.244635493115258	2.79583420703152	0	0.684979380722723	0	0	0	0.132802124833997	0	0.11882295379884	0	1.42587544558608	0	0.398406374501992	0.573146012441462	0	0.0419375131054728	0.0629062696582093	0	0.0139791710351576	0	0	0	17.1873907877263	0	0	0.950583630390718	0	0.111833368281261	0	0	0.034947927587894	0	0	4.03998042916055	0	0	0	0.111833368281261	0	6.10889774236388	0.0139791710351576	0.146781295869155	0	0	0	0	0	6.40944991961977	14.7410358565737	0	0	0	0	0.146781295869155	0	2.08988606975606	0	0	0.698958551757881	0	0.0559166841406305	0.0838750262109457	0	0	0	0	0.475291815195359	0
HC18	0	1.78068410462777	0.0150905432595573	0	0	0	0.0201207243460765	0	0	19.1750503018109	0.548289738430583	7.10764587525151	0	0.231388329979879	0	0	0	0	0.377263581488934	0.176056338028169	0.0503018108651912	0.231388329979879	0	2.47987927565392	0.0251509054325956	0	0.0150905432595573	0.0905432595573441	0	0.105633802816901	0	0.0503018108651912	0.0201207243460765	0.236418511066398	0.120724346076459	0	0	0	0	0	0	0	0	23.6468812877264	1.61971830985915	0	0.900402414486922	0	0.367203219315895	0	0	1.72032193158954	0	0	2.38933601609658	0	0	0	0.045271629778672	0.0150905432595573	1.841046277666	0	0	0	0	0	0	0	3.6317907444668	23.3752515090543	0	0	0	0	0.39738430583501	0	1.15191146881288	0	0	1.11167002012072	0	1.25251509054326	0.0603621730382294	0	0	0	0	0.508048289738431	0
HC19	0	0.00487416529919251	0.016247217663975	0	0	0	0.0536158182911176	0	0	33.487140327219	1.72220507238135	8.37706542754553	0	0.477668199320866	0	0	0	0.00487416529919251	0.131602463078198	0.00649888706559002	0	0.0113730523647825	0	1.38913711026987	0	0.0113730523647825	0	0.422427659263351	0	0.0438674876927326	0	0.0714877577214902	0	1.85218281369316	0.151099124274968	0	0	0	0	0	0	0	0	20.8386813758144	0.0942338624510553	0	1.16655022827341	0.00487416529919251	0.316820744447513	0	0	0	0	0	0.560529009407139	0	0.0341191570943476	0.01299777413118	0.00974833059838503	0	2.93424751011389	0.00487416529919251	2.17712716697266	0	0	0	0	0	3.45578319712749	9.87993306146322	0	0	0	0.00324944353279501	0.454922094591301	0	1.69945896765179	0	0	1.15517717590863	0	6.61424231100424	0.0308697135615526	0	0	0	0	0.112105801881428	0
HC20	0	5.6515204927918	0.0111323450284802	0	0	0	0.249550067721766	0.107612668608642	0	32.0435274690614	0.837708963393139	2.13741024546821	0	0.00278308625712006	0	0	0	0.00371078167616008	0.0361801213425608	0	0	1.38041078353155	0	1.44534946286435	0.0157708221236804	0	0.00278308625712006	0.90914151065922	0	0.132660444922723	0	1.92496799450804	0	0.46384770952001	8.66374751841475	0	0	0	0	0	0	0	0	13.4256081043472	0.00927695419040021	0	0.395198248511049	0	0.0797818060374418	0	0	0	0	0	1.67263484052916	0	0.0686494610089615	0	0.00649386793328015	0	1.75148895114756	0	9.45414401543685	0	0	0	0.00185539083808004	0	3.86663450655881	10.4708981947047	0	0	0	0.0046384770952001	0.0816371968755218	0	1.82013841215652	0	0	0.500955526281611	0.0343247305044808	0.218936118893445	0	0	0	0	0	0.0102046496094402	0
HC21	0	1.71589137747149	0.012306177701206	0	0.774878989252605	0.00287144146361473	0.0611206825826565	0.00164082369349413	0	28.7665107884158	0.155468044958569	4.19148412503077	0.00164082369349413	0.331856592009189	0	0	0	0.00820411846747067	3.14504881450488	0	0.048404298958077	0.653458035934039	0	0.946345065222742	0.0955779801460333	0	0.0229715317089179	0.26704405611617	0	0.139470013947001	0	0.0631717121995242	0.0508655344983182	0.81384855197309	0.903273443268521	0	0.0086143243908442	0.0012306177701206	0	0.00205102961686767	0.012306177701206	0	0	18.1388957256543	0.0574288292722947	0	1.4135696119452	0	0.315858560997621	0	0	0.0529165641151858	0	0	1.91771269177127	0.00287144146361473	0	0.0147674132414472	0.00697350069735007	0.0151776191648207	1.56042333251292	0.00533267700385594	1.58216424645172	0	0	0	0	0	3.45844613996226	22.3968332102716	0	0.00410205923373533	0.234637788169661	0	0.243252112560505	0	1.6010337189269	0.0578390351956682	0	2.57322175732218	0	0.00656329477397654	0	0	0	0	0	0.593978177044877	0
HC22	0	0	0.0201350881367722	0	0	0	0.00366092511577676	0	0.00549138767366514	23.1077593307829	0.788929362449891	6.5201076311984	0	0.32765279786202	0	0	0	0	3.50350533579836	0.00549138767366514	0.0402701762735443	0.701067159671249	0	2.12333656715052	0	0	0.00549138767366514	0.250773370430708	0	0.721202247808021	0	0.0183046255788838	0.0183046255788838	0.845673701744431	4.0471527154912	0	0	0	0	0	0	0	0	17.7170470978016	0.0219655506946605	0	0.728524098039575	0	0.340466035767238	0.00549138767366514	0	0	0	0	2.54800388058062	0	0	0.0109827753473303	0.0421006388314327	0	1.89269828485658	0	0	0	0	0	0	0	5.21864875253977	21.6287455840091	0	0	0	0	2.39973641339166	0	1.24837546447987	0	0	1.62728121396277	0.0750489648734235	1.03055042009116	0	0	0	0	0	0.241621057641266	0
HC23	0	3.10121022838181	0	0	0	0	0.0146398594573492	0.0121998828811243	0	31.4805777864533	1.22974819441733	4.5529962912356	0	0.287917235994534	0	0	0	0.00975990630489947	0.0073199297286746	0.121998828811243	0.0195198126097989	0.0902791333203201	0	2.21061877805973	0	0	0	0.649033769275815	0	0.661233652156939	0	0.268397423384735	0	3.69168455982823	0.658793675580714	0	0.0268397423384735	0.0268397423384736	0	0	0	0	0	18.9952176459106	0.00487995315244974	0	0.900351356626976	0	0.224477845012688	0	0	0	0	0	1.59818465742729	0	0	0	0.0975990630489947	0	0.619754050361117	0.0195198126097989	0.0536794846769471	0	0	0	0	0	2.88405231309779	16.2478040210814	0.0268397423384735	0	0	0	2.09349990240094	0	1.58354479796994	0	0	0.824712082764005	0	0.156158500878392	0	0	0	0	0	0.0609994144056217	0
HC24	0	3.79684418145957	0	0	0.00924556213017752	0	0.104783037475345	0	0	26.2573964497041	1.46079881656805	4.29610453648915	0	0.107864891518738	0.01232741617357	0	0	0.00924556213017752	0.030818540433925	0.00616370808678501	0.101701183431953	0	0	0.144847140039448	0.02465483234714	0	0.0493096646942801	0.366740631163708	0	0.200320512820513	0	0.930719921104536	0.218811637080868	8.54598126232741	0.237302761341223	0	0	0	0	0	0	0	0	19.3971893491124	0.0215729783037475	0	0.875246548323471	0	0.107864891518738	0	0	0	0	0	2.00320512820513	0	0	0	0	0	0.16025641025641	0	0	0	0	0	0	0	2.38227317554241	22.4513067061144	0	0	0	0	0.779709072978304	0	1.49469921104536	0	0	0.933801775147929	0	0	0	0	0	0	0	0.298939842209073	0
HC25	0	0	0	0	0	0	0.0515286843009275	0	0	22.6783465017749	1.55731134776136	3.84747509446925	0	0.291995877705256	0	0	0	0.0171762281003092	0.223290965304019	0	0	0.143135234169243	0	2.75392190541624	0	0	0	0.286270468338486	0	0.148860643536013	0	0.732852398946525	0	0.532463071109584	0.21184014657048	0	0	0	0	0.0171762281003092	0	0	0	19.5350967594183	0.137409824802473	0	2.12985228443834	0	0.0400778655673881	0	0	0	0	0	4.3112332531776	0	0	0.0458032749341578	0	0	0.698499942745906	0	10.1969540822169	0	0	0	0	0	3.88182755066987	18.6762853544029	0	0	0	0.0400778655673881	0.435131111874499	0	1.62029085079583	0	0	1.40272529485858	0	1.98671705026909	0	0	0	0	0	1.22523760448872	0
HC26	0	0.00266737796745799	0.0071130079132213	0	0	0	0.0124477638481373	0	0	35.0333422245932	0	12.6807148572953	0	0.169823063928159	0	0	0	0.0986929847959456	0	0	0	0.158264426069174	0	0	0	0.0204498977505112	0	0.959366942295723	0	0.501467057882102	0	0.200053347559349	0	0.755757090779763	0.665066239886192	0	0	0.00266737796745799	0	0	0	0	0	21.8155952698497	0.0231172757179692	0	0	0	0	0	0	0	0	0	1.65821996976972	0.0124477638481373	0	0.0133368898372899	0.0462345514359385	0	0.856228327554014	0	0.0151151418155953	0	0	0	0.00177825197830533	0	0.00533475593491598	0.232951009157998	0.00266737796745799	0	0	0	10.7121899173113	0	3.72543789454966	0	0	7.23303992175691	0	2.32061883168845	0	0	0	0	0	0	0
HC27	0	0	0	0	0.0759128520458514	0	0.0683215668412662	0	0	27.0553404691414	0	7.92530175358688	0	0.144234418887118	0	0.0151825704091703	0	0	0	0.584528960753055	0	0.478250967888864	0	0.979275791391482	0	0	0	0.311242693387991	0	1.26015334396113	0	0	0	1.76876945266834	0.129051848477947	0	0	0	0	0	0	0	0	24.9753283230851	0	0	2.39125483944432	0	0.516207393911789	0	0	0	0	0	1.93577772716921	0	0	0	0.129051848477947	0	0.334016549001746	0	0	0	0	0	0	0	4.94951795338951	19.1604038563729	0	0	0	0	0.394746830638427	0	2.1938814241251	0	0	0	0	1.44993547407576	0	0	0	0	0	0.440294541865938	0
